<?xml version="1.0" encoding="UTF-8" standalone="no"?>
<!-- Autogenerated by SAS Embedded Process for Hadoop version 1.6.15 on Tue 05/07/2019 at 09:59:28 AM UTC --><configuration>
  <property>
    <name>sas.ep.version.minor</name>
    <value>0</value>
  </property>
  <property>
    <name>sas.ep.home</name>
    <value>/opt/cloudera/parcels/SASEP-16.0.0.p0.1/home</value>
  </property>
  <property>
    <name>sas.ep.ld.preload</name>
    <value>/usr/java/jdk1.7.0_67-cloudera/jre/lib/amd64/libjsig.so</value>
  </property>
  <property>
    <name>sas.ep.version.implementation</name>
    <value>1.6.15</value>
  </property>
  <property>
    <name>sas.ep.little.endian</name>
    <value>true</value>
  </property>
  <property>
    <name>sas.ep.classpath</name>
    <value>$HADOOP_CONF_DIR,/opt/cloudera/parcels/SASEP-16.0.0.p0.1/home/jars/sasep.jar,/opt/cloudera/parcels/CDH-5.14.4-1.cdh5.14.4.p0.3/bin/../lib/hive/lib/*,/opt/cloudera/parcels/CDH-5.14.4-1.cdh5.14.4.p0.3/lib/hive-hcatalog/libexec/../share/hcatalog/*</value>
  </property>
  <property>
    <name>sas.ep.version.delta</name>
    <value>0</value>
  </property>
  <property>
    <name>sas.ep.tkpath</name>
    <value>/opt/cloudera/parcels/SASEP-16.0.0.p0.1/home/sasexe</value>
  </property>
  <property>
    <name>sas.ep.config.timestamp</name>
    <value>Tue 05/07/2019 at 09:59:27 AM UTC</value>
  </property>
  <property>
    <name>sas.ep.version.major</name>
    <value>160</value>
  </property>
</configuration>
